timestamp,load
2021-01-01 00:00:00,1973.0193196072535
2021-01-01 01:00:00,2081.813941995018
2021-01-01 02:00:00,2007.9080235423332
2021-01-01 03:00:00,2069.72622834129
2021-01-01 04:00:00,2415.218769802452
2021-01-01 05:00:00,2991.782579930642
2021-01-01 06:00:00,3846.858749004647
2021-01-01 07:00:00,4684.715984076067
2021-01-01 08:00:00,5033.53807670783
2021-01-01 09:00:00,4693.483382902729
2021-01-01 10:00:00,3848.0352906915923
2021-01-01 11:00:00,3071.3772455795824
2021-01-01 12:00:00,2713.7946619960194
2021-01-01 13:00:00,2642.6880439598094
2021-01-01 14:00:00,2896.5638576034144
2021-01-01 15:00:00,3134.2599349984357
2021-01-01 16:00:00,3577.441874596444
2021-01-01 17:00:00,3987.390078801238
2021-01-01 18:00:00,4027.637837576888
2021-01-01 19:00:00,3906.6972702360395
2021-01-01 20:00:00,3636.871069872039
2021-01-01 21:00:00,3323.483847726052
2021-01-01 22:00:00,2922.127058197418
2021-01-01 23:00:00,2419.728379690793
2021-01-02 00:00:00,1940.4813603901987
2021-01-02 01:00:00,1925.8921534844374
2021-01-02 02:00:00,1995.9729268400076
2021-01-02 03:00:00,2134.5642191091797
2021-01-02 04:00:00,2418.143935851455
2021-01-02 05:00:00,2897.600761610146
2021-01-02 06:00:00,3726.8953130752493
2021-01-02 07:00:00,4611.65885839567
2021-01-02 08:00:00,5053.540403559177
2021-01-02 09:00:00,4724.226846414953
2021-01-02 10:00:00,3962.0142236738848
2021-01-02 11:00:00,3103.7979467618543
2021-01-02 12:00:00,2718.0840907025686
2021-01-02 13:00:00,2681.009966477298
2021-01-02 14:00:00,2830.7086189954707
2021-01-02 15:00:00,3239.016036856339
2021-01-02 16:00:00,3635.4164500028114
2021-01-02 17:00:00,3846.581252851454
2021-01-02 18:00:00,4082.115988514888
2021-01-02 19:00:00,3889.9791335510804
2021-01-02 20:00:00,3605.8266129308886
2021-01-02 21:00:00,3165.6942524356364
2021-01-02 22:00:00,2783.2532712891903
2021-01-02 23:00:00,2388.8786875148226
2021-01-03 00:00:00,2003.7642121645977
2021-01-03 01:00:00,2131.8471467440754
2021-01-03 02:00:00,1982.3973488817965
2021-01-03 03:00:00,2280.6281005843157
2021-01-03 04:00:00,2476.7557417786857
2021-01-03 05:00:00,2950.445259720653
2021-01-03 06:00:00,3821.626139634649
2021-01-03 07:00:00,4643.143412347696
2021-01-03 08:00:00,5093.040038948831
2021-01-03 09:00:00,4695.559487336169
2021-01-03 10:00:00,3935.8216831380914
2021-01-03 11:00:00,3123.3230515761775
2021-01-03 12:00:00,2671.0777901533324
2021-01-03 13:00:00,2646.8363866783507
2021-01-03 14:00:00,2835.2043589354976
2021-01-03 15:00:00,3147.0135906062706
2021-01-03 16:00:00,3643.165622515156
2021-01-03 17:00:00,3816.9809112885555
2021-01-03 18:00:00,3986.5694711197575
2021-01-03 19:00:00,3869.926533306311
2021-01-03 20:00:00,3633.6425480762587
2021-01-03 21:00:00,3291.296550679419
2021-01-03 22:00:00,2882.4731134481044
2021-01-03 23:00:00,2532.3256685011775
2021-01-04 00:00:00,1969.512836062628
2021-01-04 01:00:00,1997.3892285821537
2021-01-04 02:00:00,2016.86463593423
2021-01-04 03:00:00,2108.3041818400948
2021-01-04 04:00:00,2385.920623216723
2021-01-04 05:00:00,2952.667797016129
2021-01-04 06:00:00,3796.59159475868
2021-01-04 07:00:00,4697.49257864487
2021-01-04 08:00:00,4954.999995835641
2021-01-04 09:00:00,4633.234995715079
2021-01-04 10:00:00,3797.5526446550252
2021-01-04 11:00:00,3176.1885994336526
2021-01-04 12:00:00,2636.851268250184
2021-01-04 13:00:00,2663.553980010922
2021-01-04 14:00:00,2879.317513639717
2021-01-04 15:00:00,3285.5657238343542
2021-01-04 16:00:00,3591.980358798569
2021-01-04 17:00:00,3844.662144341414
2021-01-04 18:00:00,3922.2236811659345
2021-01-04 19:00:00,3752.6879654479767
2021-01-04 20:00:00,3609.5425128175
2021-01-04 21:00:00,3251.8349500571885
2021-01-04 22:00:00,2845.808986342959
2021-01-04 23:00:00,2422.2162023977826
2021-01-05 00:00:00,2052.9477255992633
2021-01-05 01:00:00,1971.6518848462094
2021-01-05 02:00:00,1987.9831465799332
2021-01-05 03:00:00,2095.7866424114077
2021-01-05 04:00:00,2409.963624773369
2021-01-05 05:00:00,2899.889620193655
2021-01-05 06:00:00,3818.411108707749
2021-01-05 07:00:00,4671.370840012626
2021-01-05 08:00:00,5063.098035091127
2021-01-05 09:00:00,4678.506533691333
2021-01-05 10:00:00,3809.7415557973113
2021-01-05 11:00:00,3112.8589706907214
2021-01-05 12:00:00,2623.6635024857574
2021-01-05 13:00:00,2574.6179606064675
2021-01-05 14:00:00,2787.416390452103
2021-01-05 15:00:00,3124.0611087851144
2021-01-05 16:00:00,3574.1230353205538
2021-01-05 17:00:00,3948.4835708580554
2021-01-05 18:00:00,4112.835380730893
2021-01-05 19:00:00,3863.240489770077
2021-01-05 20:00:00,3655.7801278620377
2021-01-05 21:00:00,3193.332205520913
2021-01-05 22:00:00,2739.687795110639
2021-01-05 23:00:00,2533.751530628727
2021-01-06 00:00:00,2012.7471226834455
2021-01-06 01:00:00,2097.4636666600327
2021-01-06 02:00:00,1956.594397187883
2021-01-06 03:00:00,2271.6198895933308
2021-01-06 04:00:00,2485.629044807473
2021-01-06 05:00:00,2973.2285200914157
2021-01-06 06:00:00,3805.331014803779
2021-01-06 07:00:00,4614.107934300012
2021-01-06 08:00:00,5013.218472238335
2021-01-06 09:00:00,4660.511893059822
2021-01-06 10:00:00,3902.4127513860312
2021-01-06 11:00:00,3090.696126257195
2021-01-06 12:00:00,2747.4246007578963
2021-01-06 13:00:00,2636.7675199831374
2021-01-06 14:00:00,2842.710719232815
2021-01-06 15:00:00,3270.838121868785
2021-01-06 16:00:00,3521.3550122074357
2021-01-06 17:00:00,3909.0885513195667
2021-01-06 18:00:00,4001.2897467799876
2021-01-06 19:00:00,3821.3772211667924
2021-01-06 20:00:00,3516.04968754513
2021-01-06 21:00:00,3263.5785715798215
2021-01-06 22:00:00,2870.3641156006015
2021-01-06 23:00:00,2507.3323390381406
2021-01-07 00:00:00,2086.839307166403
2021-01-07 01:00:00,2028.6110953550403
2021-01-07 02:00:00,2095.8185872575814
2021-01-07 03:00:00,2152.834483535793
2021-01-07 04:00:00,2392.252700367965
2021-01-07 05:00:00,2921.2481361978416
2021-01-07 06:00:00,3790.091091648567
2021-01-07 07:00:00,4637.042314181082
2021-01-07 08:00:00,5075.889495384281
2021-01-07 09:00:00,4708.204678756753
2021-01-07 10:00:00,3893.2389341191315
2021-01-07 11:00:00,3148.9149546863136
2021-01-07 12:00:00,2703.0456019676876
2021-01-07 13:00:00,2643.612098980156
2021-01-07 14:00:00,2780.618600553754
2021-01-07 15:00:00,3276.5816714228995
2021-01-07 16:00:00,3579.5556013409996
2021-01-07 17:00:00,3946.466147586837
2021-01-07 18:00:00,4059.2716945350608
2021-01-07 19:00:00,3858.4177880093143
2021-01-07 20:00:00,3648.960655553352
2021-01-07 21:00:00,3195.0119474699477
2021-01-07 22:00:00,2804.4729647007307
2021-01-07 23:00:00,2511.5780792855558
2021-01-08 00:00:00,2015.230047802144
2021-01-08 01:00:00,2008.4902620295215
2021-01-08 02:00:00,1966.613920509223
2021-01-08 03:00:00,2125.74592220235
2021-01-08 04:00:00,2519.967115057485
2021-01-08 05:00:00,2834.9244873294074
2021-01-08 06:00:00,3863.7499264051257
2021-01-08 07:00:00,4702.754674411259
2021-01-08 08:00:00,4939.814454314638
2021-01-08 09:00:00,4646.236755159794
2021-01-08 10:00:00,3826.6871228098335
2021-01-08 11:00:00,3198.112728173704
2021-01-08 12:00:00,2731.8276795219526
2021-01-08 13:00:00,2688.0864871480517
2021-01-08 14:00:00,2861.5839319288416
2021-01-08 15:00:00,3285.228390267298
2021-01-08 16:00:00,3602.0693653642197
2021-01-08 17:00:00,3959.997015066238
2021-01-08 18:00:00,3992.576358753905
2021-01-08 19:00:00,3857.95765185141
2021-01-08 20:00:00,3692.0223648401525
2021-01-08 21:00:00,3212.0188833994857
2021-01-08 22:00:00,2777.2845856709437
2021-01-08 23:00:00,2453.222722681924
2021-01-09 00:00:00,1955.677484692715
2021-01-09 01:00:00,2048.7848038134453
2021-01-09 02:00:00,2028.38517743476
2021-01-09 03:00:00,2246.716202976421
2021-01-09 04:00:00,2465.352087764271
2021-01-09 05:00:00,2986.981605274207
2021-01-09 06:00:00,3890.457781453619
2021-01-09 07:00:00,4625.123060919968
2021-01-09 08:00:00,4914.9925500709805
2021-01-09 09:00:00,4620.229547951533
2021-01-09 10:00:00,3884.0833721754807
2021-01-09 11:00:00,3094.287385699553
2021-01-09 12:00:00,2717.897185595936
2021-01-09 13:00:00,2624.2845293576415
2021-01-09 14:00:00,2892.953306927188
2021-01-09 15:00:00,3294.67237430803
2021-01-09 16:00:00,3596.096401186785
2021-01-09 17:00:00,3919.796398141266
2021-01-09 18:00:00,3912.2718379307544
2021-01-09 19:00:00,3885.7250487500537
2021-01-09 20:00:00,3539.876945236254
2021-01-09 21:00:00,3220.32266028921
2021-01-09 22:00:00,2834.0245689169333
2021-01-09 23:00:00,2510.3382354521127
2021-01-10 00:00:00,1977.0002888538525
2021-01-10 01:00:00,2121.486129348719
2021-01-10 02:00:00,1969.9272457048673
2021-01-10 03:00:00,2065.360962818491
2021-01-10 04:00:00,2488.792097434894
2021-01-10 05:00:00,2938.910742240014
2021-01-10 06:00:00,3773.0283700168834
2021-01-10 07:00:00,4765.044022629599
2021-01-10 08:00:00,5057.017976120124
2021-01-10 09:00:00,4639.9854734233595
2021-01-10 10:00:00,3887.598375991679
2021-01-10 11:00:00,3202.708023549494
2021-01-10 12:00:00,2711.2574502306065
2021-01-10 13:00:00,2694.822641180137
2021-01-10 14:00:00,2895.791729565792
2021-01-10 15:00:00,3266.1364600774928
2021-01-10 16:00:00,3604.468278512845
2021-01-10 17:00:00,3892.6065576545207
2021-01-10 18:00:00,4013.363699226939
2021-01-10 19:00:00,3928.6423880595967
2021-01-10 20:00:00,3587.3090857319244
2021-01-10 21:00:00,3219.1640181578928
2021-01-10 22:00:00,2806.7073002852676
2021-01-10 23:00:00,2504.4886586561493
2021-01-11 00:00:00,1938.4566017945747
2021-01-11 01:00:00,2136.861559609953
2021-01-11 02:00:00,1996.681315348077
2021-01-11 03:00:00,2113.7452179385955
2021-01-11 04:00:00,2365.0799589703247
2021-01-11 05:00:00,3004.9101362277356
2021-01-11 06:00:00,3810.4627728315886
2021-01-11 07:00:00,4601.708052238582
2021-01-11 08:00:00,5040.576008590163
2021-01-11 09:00:00,4709.2911582264105
2021-01-11 10:00:00,3873.379164483137
2021-01-11 11:00:00,3072.2331617390064
2021-01-11 12:00:00,2786.229716461049
2021-01-11 13:00:00,2647.5185999510763
2021-01-11 14:00:00,2791.8481213814357
2021-01-11 15:00:00,3290.325815829954
2021-01-11 16:00:00,3559.692456246695
2021-01-11 17:00:00,4029.1330507192056
2021-01-11 18:00:00,4003.9940728358956
2021-01-11 19:00:00,3942.5855494898497
2021-01-11 20:00:00,3497.47397348121
2021-01-11 21:00:00,3148.8542772282444
2021-01-11 22:00:00,2888.9175620711026
2021-01-11 23:00:00,2514.59517083788
2021-01-12 00:00:00,2103.1262394793707
2021-01-12 01:00:00,2030.8214415234565
2021-01-12 02:00:00,2040.5931332740727
2021-01-12 03:00:00,2217.496953717677
2021-01-12 04:00:00,2456.550028609337
2021-01-12 05:00:00,2964.311638805694
2021-01-12 06:00:00,3765.557699368783
2021-01-12 07:00:00,4531.317644505169
2021-01-12 08:00:00,4985.848556788811
2021-01-12 09:00:00,4610.391946069202
2021-01-12 10:00:00,4006.60821286872
2021-01-12 11:00:00,3072.8959121046087
2021-01-12 12:00:00,2642.790965901811
2021-01-12 13:00:00,2554.4529746953826
2021-01-12 14:00:00,2842.2357042029666
2021-01-12 15:00:00,3186.397046297705
2021-01-12 16:00:00,3689.3676651545466
2021-01-12 17:00:00,3900.462941676459
2021-01-12 18:00:00,3999.567978826697
2021-01-12 19:00:00,3885.186109982952
2021-01-12 20:00:00,3640.7835975330154
2021-01-12 21:00:00,3190.4449131510178
2021-01-12 22:00:00,2855.584885759659
2021-01-12 23:00:00,2579.402908592795
2021-01-13 00:00:00,2024.0101688586494
2021-01-13 01:00:00,1994.0761221207201
2021-01-13 02:00:00,1985.6553627384258
2021-01-13 03:00:00,2118.0620548592133
2021-01-13 04:00:00,2434.1971223466935
2021-01-13 05:00:00,2897.4983316736425
2021-01-13 06:00:00,3861.840042279169
2021-01-13 07:00:00,4660.2790621548465
2021-01-13 08:00:00,5000.27238229101
2021-01-13 09:00:00,4636.73803025772
2021-01-13 10:00:00,3852.9040956585322
2021-01-13 11:00:00,3135.2797613813755
2021-01-13 12:00:00,2670.265839878308
2021-01-13 13:00:00,2605.4582200608866
2021-01-13 14:00:00,2878.9797452976777
2021-01-13 15:00:00,3245.0332816544224
2021-01-13 16:00:00,3540.022440651121
2021-01-13 17:00:00,3920.613168534559
2021-01-13 18:00:00,4125.096090602538
2021-01-13 19:00:00,3915.400787155857
2021-01-13 20:00:00,3516.524491281372
2021-01-13 21:00:00,3221.9300910247202
2021-01-13 22:00:00,2730.6838123733824
2021-01-13 23:00:00,2657.0730011596306
2021-01-14 00:00:00,2112.790152692891
2021-01-14 01:00:00,1973.2657621222072
2021-01-14 02:00:00,1921.044961337329
2021-01-14 03:00:00,2087.899694821928
2021-01-14 04:00:00,2396.9936417010786
2021-01-14 05:00:00,2886.0315116675215
2021-01-14 06:00:00,3816.8117786438934
2021-01-14 07:00:00,4640.51949452993
2021-01-14 08:00:00,5013.98957513209
2021-01-14 09:00:00,4681.190959677169
2021-01-14 10:00:00,3828.442100713143
2021-01-14 11:00:00,3062.7437573206275
2021-01-14 12:00:00,2678.956024406566
2021-01-14 13:00:00,2598.9656119311176
2021-01-14 14:00:00,2900.9263090499644
2021-01-14 15:00:00,3221.4185202682006
2021-01-14 16:00:00,3695.7313554171974
2021-01-14 17:00:00,3933.0632556192713
2021-01-14 18:00:00,4055.196873429046
2021-01-14 19:00:00,3898.5480510853213
2021-01-14 20:00:00,3609.34292658807
2021-01-14 21:00:00,3299.6273504282017
2021-01-14 22:00:00,2803.309936906215
2021-01-14 23:00:00,2526.0433852646847
2021-01-15 00:00:00,1987.6945417355942
2021-01-15 01:00:00,1993.130883342612
2021-01-15 02:00:00,1974.8835079999349
2021-01-15 03:00:00,2094.69253663372
2021-01-15 04:00:00,2359.629706077242
2021-01-15 05:00:00,3003.843139215667
2021-01-15 06:00:00,3872.273200804888
2021-01-15 07:00:00,4645.160759064523
2021-01-15 08:00:00,5019.213236787129
2021-01-15 09:00:00,4662.085133075016
2021-01-15 10:00:00,3836.1841847123515
2021-01-15 11:00:00,3148.527610547954
2021-01-15 12:00:00,2709.3031508710374
2021-01-15 13:00:00,2535.887919159617
2021-01-15 14:00:00,2841.396120567339
2021-01-15 15:00:00,3175.522425719444
2021-01-15 16:00:00,3582.9342652340624
2021-01-15 17:00:00,3858.517555353397
2021-01-15 18:00:00,3997.690161422446
2021-01-15 19:00:00,3875.4240109304083
2021-01-15 20:00:00,3583.9178168325134
2021-01-15 21:00:00,3268.4307428496786
2021-01-15 22:00:00,2850.0835141165294
2021-01-15 23:00:00,2463.509685041401
2021-01-16 00:00:00,1973.229081702996
2021-01-16 01:00:00,2031.1523390319576
2021-01-16 02:00:00,2057.849299872159
2021-01-16 03:00:00,2101.6292422234633
2021-01-16 04:00:00,2394.3436453029567
2021-01-16 05:00:00,3066.465000773857
2021-01-16 06:00:00,3790.935499967638
2021-01-16 07:00:00,4745.438657166382
2021-01-16 08:00:00,5062.915187405236
2021-01-16 09:00:00,4755.979514583044
2021-01-16 10:00:00,3845.269382103529
2021-01-16 11:00:00,3096.986665604972
2021-01-16 12:00:00,2654.218225744285
2021-01-16 13:00:00,2686.852878021125
2021-01-16 14:00:00,2827.167381995497
2021-01-16 15:00:00,3256.184567446959
2021-01-16 16:00:00,3636.3961642769254
2021-01-16 17:00:00,3889.637657170001
2021-01-16 18:00:00,4064.944166667733
2021-01-16 19:00:00,3897.303741173412
2021-01-16 20:00:00,3643.1791374539703
2021-01-16 21:00:00,3188.3261529868537
2021-01-16 22:00:00,2786.0527403777255
2021-01-16 23:00:00,2535.2616940193034
2021-01-17 00:00:00,2022.5484305603545
2021-01-17 01:00:00,2018.7280694683952
2021-01-17 02:00:00,2016.1439038901317
2021-01-17 03:00:00,2209.278728002882
2021-01-17 04:00:00,2350.2138884353726
2021-01-17 05:00:00,2915.55754828296
2021-01-17 06:00:00,3867.3712296518966
2021-01-17 07:00:00,4692.903246950596
2021-01-17 08:00:00,5025.41997922854
2021-01-17 09:00:00,4655.31108973513
2021-01-17 10:00:00,3901.844087166521
2021-01-17 11:00:00,3191.455974164087
2021-01-17 12:00:00,2802.4537265767744
2021-01-17 13:00:00,2547.694533151057
2021-01-17 14:00:00,2834.605564666674
2021-01-17 15:00:00,3195.5351296305735
2021-01-17 16:00:00,3683.807167302308
2021-01-17 17:00:00,3767.97438437745
2021-01-17 18:00:00,4025.702939612793
2021-01-17 19:00:00,3879.07923226613
2021-01-17 20:00:00,3683.380489000937
2021-01-17 21:00:00,3288.1132634329656
2021-01-17 22:00:00,2840.4999178244016
2021-01-17 23:00:00,2419.718264020833
2021-01-18 00:00:00,1972.3119442269103
2021-01-18 01:00:00,1983.34313243129
2021-01-18 02:00:00,1967.0055815643475
2021-01-18 03:00:00,2189.5474682695353
2021-01-18 04:00:00,2333.3718537843447
2021-01-18 05:00:00,3072.391074192194
2021-01-18 06:00:00,3918.404036095978
2021-01-18 07:00:00,4630.6454146504675
2021-01-18 08:00:00,5024.156608785437
2021-01-18 09:00:00,4666.0945269267495
2021-01-18 10:00:00,3921.8142207250853
2021-01-18 11:00:00,3169.148326236348
2021-01-18 12:00:00,2689.576265789067
2021-01-18 13:00:00,2653.971053913868
2021-01-18 14:00:00,2824.521357432126
2021-01-18 15:00:00,3241.4594911243325
2021-01-18 16:00:00,3610.6192976635225
2021-01-18 17:00:00,3846.449409268142
2021-01-18 18:00:00,3999.3093244923607
2021-01-18 19:00:00,3872.7606217877783
2021-01-18 20:00:00,3571.0000724326524
2021-01-18 21:00:00,3155.7367610527645
2021-01-18 22:00:00,2825.3497177455406
2021-01-18 23:00:00,2459.680717240156
2021-01-19 00:00:00,1977.4510097285322
2021-01-19 01:00:00,2060.3189000228413
2021-01-19 02:00:00,2064.93412635044
2021-01-19 03:00:00,2082.879921783504
2021-01-19 04:00:00,2423.6377320433867
2021-01-19 05:00:00,2980.7637336827165
2021-01-19 06:00:00,3905.347714820378
2021-01-19 07:00:00,4719.055677787057
2021-01-19 08:00:00,4931.044403993455
2021-01-19 09:00:00,4712.7650842782
2021-01-19 10:00:00,3939.9828432881854
2021-01-19 11:00:00,3133.3824197445265
2021-01-19 12:00:00,2659.9058089983537
2021-01-19 13:00:00,2751.184914180672
2021-01-19 14:00:00,2888.1220346754526
2021-01-19 15:00:00,3318.451006466227
2021-01-19 16:00:00,3670.055115190999
2021-01-19 17:00:00,3915.2458667168753
2021-01-19 18:00:00,3971.0261343858347
2021-01-19 19:00:00,3890.7145037794567
2021-01-19 20:00:00,3590.3792288838777
2021-01-19 21:00:00,3152.335373650279
2021-01-19 22:00:00,2854.738659831052
2021-01-19 23:00:00,2577.0720676543933
2021-01-20 00:00:00,1986.0912436160947
2021-01-20 01:00:00,2114.7455112232137
2021-01-20 02:00:00,1955.4491819939342
2021-01-20 03:00:00,2184.536431595927
2021-01-20 04:00:00,2489.619190418335
2021-01-20 05:00:00,2963.9231697204555
2021-01-20 06:00:00,3810.960079136561
2021-01-20 07:00:00,4702.036686535663
2021-01-20 08:00:00,5033.031395776923
2021-01-20 09:00:00,4569.838133657296
2021-01-20 10:00:00,3834.554322980032
2021-01-20 11:00:00,3104.736981905737
2021-01-20 12:00:00,2608.19150719881
2021-01-20 13:00:00,2606.8065026033196
2021-01-20 14:00:00,2788.317299366905
2021-01-20 15:00:00,3201.115261252146
2021-01-20 16:00:00,3585.6500573512653
2021-01-20 17:00:00,3909.6268675353954
2021-01-20 18:00:00,3995.423213759541
2021-01-20 19:00:00,3917.0592337391195
2021-01-20 20:00:00,3620.652051897251
2021-01-20 21:00:00,3264.628321145958
2021-01-20 22:00:00,2865.9137331310726
2021-01-20 23:00:00,2537.110609313159
2021-01-21 00:00:00,2156.249789767003
2021-01-21 01:00:00,2023.9328180940934
2021-01-21 02:00:00,2163.006896479964
2021-01-21 03:00:00,2152.4291742887635
2021-01-21 04:00:00,2401.90063290777
2021-01-21 05:00:00,2955.4664396588487
2021-01-21 06:00:00,3895.7491943161262
2021-01-21 07:00:00,4731.923597387839
2021-01-21 08:00:00,5037.721033077182
2021-01-21 09:00:00,4726.386039555406
2021-01-21 10:00:00,3812.8619574108466
2021-01-21 11:00:00,3027.9754681824993
2021-01-21 12:00:00,2738.992760472936
2021-01-21 13:00:00,2624.174643529664
2021-01-21 14:00:00,2893.016691498977
2021-01-21 15:00:00,3183.7593952820116
2021-01-21 16:00:00,3685.3306172025623
2021-01-21 17:00:00,3815.018200111258
2021-01-21 18:00:00,3930.7319256353817
2021-01-21 19:00:00,3964.135326872699
2021-01-21 20:00:00,3470.9827618744102
2021-01-21 21:00:00,3231.9897648374886
2021-01-21 22:00:00,2816.858281303238
2021-01-21 23:00:00,2461.906821596421
2021-01-22 00:00:00,1991.0094259141486
2021-01-22 01:00:00,1964.1865116074864
2021-01-22 02:00:00,2110.441118589446
2021-01-22 03:00:00,2222.0431085946475
2021-01-22 04:00:00,2371.7562993086476
2021-01-22 05:00:00,2987.900942642935
2021-01-22 06:00:00,3754.0090808469026
2021-01-22 07:00:00,4703.551035693599
2021-01-22 08:00:00,5060.082299011112
2021-01-22 09:00:00,4654.945589194886
2021-01-22 10:00:00,3877.5672336279954
2021-01-22 11:00:00,3100.7261868319765
2021-01-22 12:00:00,2595.7535244990495
2021-01-22 13:00:00,2707.815425804821
2021-01-22 14:00:00,2817.20390868498
2021-01-22 15:00:00,3181.6163291669195
2021-01-22 16:00:00,3594.960200994232
2021-01-22 17:00:00,3941.8165629738237
2021-01-22 18:00:00,3970.4460192049146
2021-01-22 19:00:00,3794.3104866169097
2021-01-22 20:00:00,3557.124948487078
2021-01-22 21:00:00,3234.2683423866924
2021-01-22 22:00:00,2931.712095473526
2021-01-22 23:00:00,2435.708419237765
2021-01-23 00:00:00,1936.1813299696255
2021-01-23 01:00:00,1930.9329112200362
2021-01-23 02:00:00,1951.4920717220537
2021-01-23 03:00:00,2192.1028271806385
2021-01-23 04:00:00,2480.777607416284
2021-01-23 05:00:00,2983.012493448529
2021-01-23 06:00:00,3796.877265786662
2021-01-23 07:00:00,4739.455617086574
2021-01-23 08:00:00,5016.427242361771
2021-01-23 09:00:00,4724.180536298292
2021-01-23 10:00:00,3850.9005336209098
2021-01-23 11:00:00,3107.626652019299
2021-01-23 12:00:00,2614.809333910711
2021-01-23 13:00:00,2661.977667019494
2021-01-23 14:00:00,2865.0984581677676
2021-01-23 15:00:00,3174.8956311591264
2021-01-23 16:00:00,3558.4258362410005
2021-01-23 17:00:00,3972.837058872647
2021-01-23 18:00:00,4098.594617482607
2021-01-23 19:00:00,3881.262980853716
2021-01-23 20:00:00,3604.8625301616635
2021-01-23 21:00:00,3233.0670451651536
2021-01-23 22:00:00,2829.626168991051
2021-01-23 23:00:00,2414.989531529491
2021-01-24 00:00:00,2022.3999522031863
2021-01-24 01:00:00,1902.1682345319466
2021-01-24 02:00:00,1996.69411172414
2021-01-24 03:00:00,2157.0896115078076
2021-01-24 04:00:00,2436.042889044307
2021-01-24 05:00:00,2933.621044559034
2021-01-24 06:00:00,3797.341057384359
2021-01-24 07:00:00,4620.2066022935205
2021-01-24 08:00:00,5002.589632122143
2021-01-24 09:00:00,4668.368983498487
2021-01-24 10:00:00,3910.146387183456
2021-01-24 11:00:00,3079.569616163621
2021-01-24 12:00:00,2695.346225778741
2021-01-24 13:00:00,2655.8660066491743
2021-01-24 14:00:00,2865.466039497695
2021-01-24 15:00:00,3206.643501657342
2021-01-24 16:00:00,3611.5134669310955
2021-01-24 17:00:00,3929.626147375389
2021-01-24 18:00:00,4041.9704233453317
2021-01-24 19:00:00,3982.688381928427
2021-01-24 20:00:00,3551.9735397082422
2021-01-24 21:00:00,3191.0609518829724
2021-01-24 22:00:00,2741.551148069647
2021-01-24 23:00:00,2545.2548907728155
2021-01-25 00:00:00,1984.2810430258298
2021-01-25 01:00:00,2016.8722353634432
2021-01-25 02:00:00,2003.1113928146888
2021-01-25 03:00:00,2115.4830544276756
2021-01-25 04:00:00,2467.2026839193977
2021-01-25 05:00:00,3008.836369293808
2021-01-25 06:00:00,3814.6868015107575
2021-01-25 07:00:00,4688.289123717263
2021-01-25 08:00:00,5047.22684428084
2021-01-25 09:00:00,4650.1374249959335
2021-01-25 10:00:00,3803.26900267519
2021-01-25 11:00:00,3060.456377958008
2021-01-25 12:00:00,2609.6499860139375
2021-01-25 13:00:00,2688.7369507244603
2021-01-25 14:00:00,2922.4573314514855
2021-01-25 15:00:00,3298.9424867877665
2021-01-25 16:00:00,3501.503416268465
2021-01-25 17:00:00,3945.609179224396
2021-01-25 18:00:00,4110.6207454287505
2021-01-25 19:00:00,3947.519133377614
2021-01-25 20:00:00,3493.9133706300217
2021-01-25 21:00:00,3301.476236852581
2021-01-25 22:00:00,2824.3090329396637
2021-01-25 23:00:00,2487.0844622313994
2021-01-26 00:00:00,2023.561183172816
2021-01-26 01:00:00,1954.1123401334526
2021-01-26 02:00:00,2033.4674398330997
2021-01-26 03:00:00,2212.8397364317707
2021-01-26 04:00:00,2437.1630221742294
2021-01-26 05:00:00,2977.044772374642
2021-01-26 06:00:00,3824.7433123900855
2021-01-26 07:00:00,4590.828728578503
2021-01-26 08:00:00,5000.23244570896
2021-01-26 09:00:00,4587.993934048783
2021-01-26 10:00:00,3927.845028326691
2021-01-26 11:00:00,2996.128935184343
2021-01-26 12:00:00,2719.421435164099
2021-01-26 13:00:00,2679.485763466518
2021-01-26 14:00:00,2921.4898014154614
2021-01-26 15:00:00,3223.9667509379055
2021-01-26 16:00:00,3648.3126170252
2021-01-26 17:00:00,3884.051801687449
2021-01-26 18:00:00,3940.6763240751193
2021-01-26 19:00:00,3968.4563673139814
2021-01-26 20:00:00,3596.6305600428013
2021-01-26 21:00:00,3142.585755559083
2021-01-26 22:00:00,2798.8838337935777
2021-01-26 23:00:00,2477.3381834280144
2021-01-27 00:00:00,2024.0912642498777
2021-01-27 01:00:00,2123.9150604306137
2021-01-27 02:00:00,2059.449251951149
2021-01-27 03:00:00,2142.160446776393
2021-01-27 04:00:00,2528.8319886261925
2021-01-27 05:00:00,3023.0693757651447
2021-01-27 06:00:00,3832.9753646004515
2021-01-27 07:00:00,4625.927834802538
2021-01-27 08:00:00,5023.541844089174
2021-01-27 09:00:00,4666.389180625613
2021-01-27 10:00:00,3881.2946870849505
2021-01-27 11:00:00,3171.1345805465835
2021-01-27 12:00:00,2649.660307026189
2021-01-27 13:00:00,2656.1922538329904
2021-01-27 14:00:00,2902.998570120981
2021-01-27 15:00:00,3186.518166938595
2021-01-27 16:00:00,3561.3501229428684
2021-01-27 17:00:00,3884.522037576665
2021-01-27 18:00:00,3976.929700446693
2021-01-27 19:00:00,3949.536378124157
2021-01-27 20:00:00,3551.3864375953226
2021-01-27 21:00:00,3216.4848898591763
2021-01-27 22:00:00,2949.5269977532907
2021-01-27 23:00:00,2519.357244245732
2021-01-28 00:00:00,2029.9709255589114
2021-01-28 01:00:00,2064.5968110468334
2021-01-28 02:00:00,2010.1808680157528
2021-01-28 03:00:00,2077.7472727392965
2021-01-28 04:00:00,2414.868742456202
2021-01-28 05:00:00,2987.3948901869353
2021-01-28 06:00:00,3739.352364658047
2021-01-28 07:00:00,4668.652023477582
2021-01-28 08:00:00,5061.224365213998
2021-01-28 09:00:00,4624.06129717907
2021-01-28 10:00:00,3898.5007731257415
2021-01-28 11:00:00,3150.027642326617
2021-01-28 12:00:00,2706.0103266095675
2021-01-28 13:00:00,2664.565530361893
2021-01-28 14:00:00,2843.311558538787
2021-01-28 15:00:00,3163.248575892786
2021-01-28 16:00:00,3580.1238705981277
2021-01-28 17:00:00,3862.7362786121785
2021-01-28 18:00:00,3995.9982276491387
2021-01-28 19:00:00,3946.5832929600783
2021-01-28 20:00:00,3535.8828451153468
2021-01-28 21:00:00,3220.273822573612
2021-01-28 22:00:00,2769.0544988071742
2021-01-28 23:00:00,2461.702071665284
2021-01-29 00:00:00,2028.9434559742592
2021-01-29 01:00:00,1947.065433593692
2021-01-29 02:00:00,2070.0405357721697
2021-01-29 03:00:00,2064.2100318453304
2021-01-29 04:00:00,2439.3921988199727
2021-01-29 05:00:00,2896.648135290583
2021-01-29 06:00:00,3789.3722704308743
2021-01-29 07:00:00,4744.723146899921
2021-01-29 08:00:00,5093.15915876729
2021-01-29 09:00:00,4649.082468204413
2021-01-29 10:00:00,3896.221010008496
2021-01-29 11:00:00,3165.617860252354
2021-01-29 12:00:00,2710.7412249040867
2021-01-29 13:00:00,2616.842006102074
2021-01-29 14:00:00,2818.119804927285
2021-01-29 15:00:00,3263.028949927712
2021-01-29 16:00:00,3659.0163591480487
2021-01-29 17:00:00,3977.824225425429
2021-01-29 18:00:00,3915.6487087868627
2021-01-29 19:00:00,3829.2635082770294
2021-01-29 20:00:00,3659.571031630909
2021-01-29 21:00:00,3135.484794095234
2021-01-29 22:00:00,2884.1520788286634
2021-01-29 23:00:00,2487.9577922571534
2021-01-30 00:00:00,1974.960727376833
2021-01-30 01:00:00,2016.8341160755504
2021-01-30 02:00:00,1966.059898675246
2021-01-30 03:00:00,2173.0189957064845
2021-01-30 04:00:00,2490.5250285327998
2021-01-30 05:00:00,3017.6535095602208
2021-01-30 06:00:00,3807.937469765998
2021-01-30 07:00:00,4572.9966423551705
2021-01-30 08:00:00,4932.752467468799
2021-01-30 09:00:00,4603.226535718305
2021-01-30 10:00:00,3876.109066851385
2021-01-30 11:00:00,3111.08446247174
2021-01-30 12:00:00,2720.0985917201133
2021-01-30 13:00:00,2540.713769100661
2021-01-30 14:00:00,2921.1120821487216
2021-01-30 15:00:00,3254.3441087270844
2021-01-30 16:00:00,3586.139379064217
2021-01-30 17:00:00,3832.551056619105
2021-01-30 18:00:00,4062.468212044072
2021-01-30 19:00:00,3876.9150496252128
2021-01-30 20:00:00,3600.4739065563335
2021-01-30 21:00:00,3232.2419199721394
2021-01-30 22:00:00,2776.5646357939863
2021-01-30 23:00:00,2484.59538860516
2021-01-31 00:00:00,2044.2722634446861
2021-01-31 01:00:00,2044.7674901867908
2021-01-31 02:00:00,2071.9836816217826
2021-01-31 03:00:00,2074.0592666195453
2021-01-31 04:00:00,2394.214161111608
2021-01-31 05:00:00,2954.3050070171184
2021-01-31 06:00:00,3841.52184650744
2021-01-31 07:00:00,4666.681327225888
2021-01-31 08:00:00,5015.503206816093
2021-01-31 09:00:00,4792.995398601267
2021-01-31 10:00:00,3862.182676699799
2021-01-31 11:00:00,3085.0233050046827
2021-01-31 12:00:00,2618.8389326662605
2021-01-31 13:00:00,2553.6228521283715
2021-01-31 14:00:00,2794.5357017683127
2021-01-31 15:00:00,3183.6896965076517
2021-01-31 16:00:00,3667.984848439216
2021-01-31 17:00:00,3893.997328923803
2021-01-31 18:00:00,4009.6777133071528
2021-01-31 19:00:00,3887.106082276977
2021-01-31 20:00:00,3619.7399011746447
2021-01-31 21:00:00,3283.1649287936348
2021-01-31 22:00:00,2722.528039269665
2021-01-31 23:00:00,2559.6212833356917
